{"meta": {"version": "6.4", "timestamp": "2024-04-17T16:07:37.718430", "branch_coverage": false, "show_contexts": false}, "files": {"python_energyplusmeasure/measure.py": {"executed_lines": [1, 7, 10, 11, 13, 25, 33, 43, 48, 50, 51, 52, 53, 55, 57, 64, 66, 70, 73, 74, 75, 78, 80, 84, 97, 98, 99, 100, 102, 105, 106, 108, 112], "summary": {"covered_lines": 31, "num_statements": 35, "percent_covered": 88.57142857142857, "percent_covered_display": "89", "missing_lines": 4, "excluded_lines": 0}, "missing_lines": [23, 31, 41, 67], "excluded_lines": []}, "python_energyplusmeasure/tests/test_my_example_python_energyplus_measure.py": {"executed_lines": [1, 3, 4, 6, 7, 9, 10, 11, 12, 13, 16, 17, 19, 22, 25, 28, 29, 30, 31, 32, 34, 37, 40, 41, 44, 47, 48, 51, 52, 53, 56, 57, 58, 61, 63, 69, 72, 73, 76, 79, 82, 83, 89, 90, 94, 95, 96, 97, 98, 101, 102, 105, 108, 111, 114, 115, 116, 119, 120, 124], "summary": {"covered_lines": 58, "num_statements": 62, "percent_covered": 93.54838709677419, "percent_covered_display": "94", "missing_lines": 4, "excluded_lines": 0}, "missing_lines": [125, 126, 127, 129], "excluded_lines": []}, "python_modelmeasure/measure.py": {"executed_lines": [1, 7, 9, 12, 13, 15, 27, 35, 45, 50, 52, 53, 54, 55, 57, 59, 66, 68, 72, 75, 76, 77, 80, 83, 84, 87, 90, 92, 96], "summary": {"covered_lines": 27, "num_statements": 31, "percent_covered": 87.09677419354838, "percent_covered_display": "87", "missing_lines": 4, "excluded_lines": 0}, "missing_lines": [25, 33, 43, 69], "excluded_lines": []}, "python_modelmeasure/tests/test_my_example_python_model_measure.py": {"executed_lines": [1, 3, 4, 6, 7, 9, 10, 11, 12, 13, 16, 17, 19, 22, 25, 28, 29, 30, 33, 36, 39, 40, 43, 46, 47, 52, 53, 56, 57, 58, 59, 60, 63, 64, 68, 71, 73, 79, 82, 83, 86, 87, 88, 89, 90, 93, 96, 97, 102, 103, 107, 108, 109, 110, 111, 114, 117, 118, 122, 125, 126, 127, 128, 131, 132, 133, 134, 135, 137, 138, 141, 142, 146], "summary": {"covered_lines": 71, "num_statements": 76, "percent_covered": 93.42105263157895, "percent_covered_display": "93", "missing_lines": 5, "excluded_lines": 0}, "missing_lines": [31, 147, 148, 149, 151], "excluded_lines": []}}, "totals": {"covered_lines": 187, "num_statements": 204, "percent_covered": 91.66666666666667, "percent_covered_display": "92", "missing_lines": 17, "excluded_lines": 0}}